signal,time
500.0,1.0
1500.0,2.0
1507.2603227001864,3.0
2122.0487818793154,4.0
2886.4799372084813,5.0
2899.331916045385,6.0
2913.110626190379,7.0
3125.3705625999346,8.0
3125.3705625999346,9.0
3108.068218515809,10.0
3108.068218515809,11.0
3108.068218515809,12.0
3135.2874723645255,13.0
3135.2874723645255,14.0
2534.7338359578803,15.0
2285.755079734211,16.0
2468.2612490435845,17.0
2468.2612490435845,18.0
2468.2612490435845,19.0
2468.2612490435845,20.0
2468.2612490435845,21.0
2468.2612490435845,22.0
2468.2612490435845,23.0
2468.2612490435845,24.0
2468.2612490435845,25.0
2482.0513269558796,26.0
2769.460750213415,27.0
2595.095461704533,28.0
2595.095461704533,29.0
2595.095461704533,30.0
2595.095461704533,31.0
2595.095461704533,32.0
2595.095461704533,33.0
2595.095461704533,34.0
2595.095461704533,35.0
2595.095461704533,36.0
2680.862870677312,37.0
