signal,time
500.0,1.0
1500.0,2.0
1507.2603227001864,3.0
2122.0487818793154,4.0
2886.4799372084813,5.0
